Date (yyyy-mm-dd),Max_temperature (Â°C),Min_temperature (Â°C),Rain (mm),Wind (km/h),Description,City
2024-01-01,25,10,1.3,5,lluvia moderada a intervalos,medellã­n
2023-01-01,18,8,3.0,3,ligeras precipitaciones,medellã­n
2022-01-01,18,10,4.0,2,ligeras precipitaciones,medellã­n
2019-01-01,25,10,0.0,9,despejado,medellã­n
2024-01-02,21,10,5.0,5,ligeras precipitaciones,medellã­n
2023-01-02,18,8,5.4,4,ligeras precipitaciones,medellã­n
2022-01-02,17,10,4.5,3,ligeras precipitaciones,medellã­n
2019-01-02,25,10,0.0,8,parcialmente nublado,medellã­n
2024-01-03,21,10,2.7,5,lluvia moderada a intervalos,medellã­n
2023-01-03,21,12,7.2,3,ligeras precipitaciones,medellã­n
2022-01-03,20,8,1.7,5,niebla moderada,medellã­n
2020-01-03,21,11,4.1,4,ligeras precipitaciones,medellã­n
2019-01-03,24,10,0.0,7,despejado,medellã­n
2024-01-04,25,8,1.2,5,lluvia moderada a intervalos,medellã­n
2023-01-04,19,8,3.7,5,llovizna a intervalos,medellã­n
2022-01-04,20,7,0.0,5,neblina,medellã­n
2021-01-04,21,10,4.4,2,ligeras precipitaciones,medellã­n
2020-01-04,20,12,6.0,3,ligeras precipitaciones,medellã­n
2019-01-04,25,10,0.0,6,parcialmente nublado,medellã­n
2024-01-05,27,10,0.9,6,lluvia moderada a intervalos,medellã­n
2023-01-05,19,8,3.4,3,ligeras precipitaciones,medellã­n
2022-01-05,22,10,0.4,5,lluvia moderada a intervalos,medellã­n
2020-01-05,21,10,4.3,4,ligeras precipitaciones,medellã­n
2019-01-05,25,11,1.5,5,lluvia moderada a intervalos,medellã­n
2024-01-06,27,13,0.1,6,lluvia moderada a intervalos,medellã­n
2023-01-06,17,10,5.9,3,ligeras precipitaciones,medellã­n
2022-01-06,19,9,1.8,4,lluvia moderada a intervalos,medellã­n
2021-01-06,22,9,2.7,4,ligeras precipitaciones,medellã­n
2020-01-06,22,9,0.1,5,neblina,medellã­n
2024-01-07,26,12,0.3,6,lluvia moderada a intervalos,medellã­n
2023-01-07,18,9,3.6,4,ligeras precipitaciones,medellã­n
2022-01-07,17,8,6.6,4,ligeras precipitaciones,medellã­n
2021-01-07,22,14,7.7,4,lluvias fuertes o moderadas,medellã­n
2020-01-07,22,10,1.1,4,lluvia moderada a intervalos,medellã­n
2019-01-07,23,11,4.2,4,niebla moderada,medellã­n
2024-01-08,25,9,0.6,6,lluvia moderada a intervalos,medellã­n
2023-01-08,19,9,7.3,2,ligeras precipitaciones,medellã­n
2022-01-08,17,9,3.4,3,ligeras precipitaciones,medellã­n
2020-01-08,22,11,0.5,7,neblina,medellã­n
2019-01-08,20,11,4.5,3,llovizna,medellã­n
2024-01-09,28,10,0.6,6,lluvia moderada a intervalos,medellã­n
2022-01-09,20,8,3.3,4,ligeras precipitaciones,medellã­n
2020-01-09,23,10,0.0,7,parcialmente nublado,medellã­n
2024-01-10,25,14,0.4,6,lluvia moderada a intervalos,medellã­n
2023-01-10,17,9,4.6,3,ligeras precipitaciones,medellã­n
2022-01-10,18,10,2.5,4,ligeras precipitaciones,medellã­n
2020-01-10,27,12,0.0,6,neblina,medellã­n
2024-01-11,25,10,4.6,5,niebla moderada,medellã­n
2023-01-11,17,8,1.2,3,niebla moderada,medellã­n
2022-01-11,17,10,1.6,2,ligeras precipitaciones,medellã­n
2020-01-11,22,13,0.0,6,parcialmente nublado,medellã­n
2019-01-11,20,10,2.2,3,lluvia moderada a intervalos,medellã­n
2024-01-12,24,9,6.0,4,ligeras precipitaciones,medellã­n
2023-01-12,18,8,2.0,5,ligeras precipitaciones,medellã­n
2022-01-12,21,9,2.5,2,ligeras precipitaciones,medellã­n
2020-01-12,23,11,0.4,7,lluvia moderada a intervalos,medellã­n
2019-01-12,19,11,3.5,3,llovizna,medellã­n
2024-01-13,22,8,5.3,5,niebla moderada,medellã­n
2023-01-13,19,8,4.1,2,niebla moderada,medellã­n
2022-01-13,21,12,2.9,2,ligeras precipitaciones,medellã­n
2021-01-13,21,10,7.9,4,intervalos de lluvias ligeras con tomenta en la regiã³n,medellã­n
2020-01-13,22,11,1.5,6,lluvia moderada a intervalos,medellã­n
2024-01-14,21,8,0.8,6,niebla moderada,medellã­n
2023-01-14,18,8,6.0,4,intervalos de lluvias ligeras con tomenta en la regiã³n,medellã­n
2022-01-14,20,9,3.6,4,ligeras precipitaciones,medellã­n
2024-01-15,26,10,0.1,7,lluvia moderada a intervalos,medellã­n
2023-01-15,21,9,3.7,5,ligeras precipitaciones,medellã­n
2022-01-15,18,8,0.7,5,lluvia moderada a intervalos,medellã­n
2021-01-15,19,10,7.4,4,ligeras precipitaciones,medellã­n
2024-01-16,23,9,0.0,8,parcialmente nublado,medellã­n
2022-01-16,21,10,0.2,5,lluvia moderada a intervalos,medellã­n
2021-01-16,21,10,3.8,3,ligeras precipitaciones,medellã­n
2020-01-16,22,10,0.5,7,lluvia moderada a intervalos,medellã­n
2024-01-17,27,9,0.1,9,lluvia moderada a intervalos,medellã­n
2023-01-17,22,14,2.7,5,ligeras precipitaciones,medellã­n
2022-01-17,20,9,1.0,5,lluvia moderada a intervalos,medellã­n
2021-01-17,22,9,2.0,4,lluvia moderada a intervalos,medellã­n
2020-01-17,23,12,0.3,9,parcialmente nublado,medellã­n
2024-01-18,27,10,0.2,8,lluvia moderada a intervalos,medellã­n
2022-01-18,20,9,0.6,5,lluvia moderada a intervalos,medellã­n
2021-01-18,20,10,5.3,5,lluvia moderada a intervalos,medellã­n
2020-01-18,26,12,0.1,8,neblina,medellã­n
2019-01-18,24,11,0.3,6,neblina,medellã­n
2023-01-19,25,11,1.7,4,ligeras precipitaciones,medellã­n
2022-01-19,19,9,0.3,5,niebla moderada,medellã­n
2021-01-19,22,10,1.4,6,lluvia moderada a intervalos,medellã­n
2020-01-19,27,14,0.7,5,lluvia moderada a intervalos,medellã­n
2019-01-19,24,11,0.3,5,llovizna a intervalos,medellã­n
2023-01-20,22,10,2.4,5,lluvia moderada a intervalos,medellã­n
2022-01-20,21,8,0.0,5,neblina,medellã­n
2021-01-20,20,11,5.0,5,lluvia moderada a intervalos,medellã­n
2019-01-20,23,12,4.4,6,ligeras precipitaciones,medellã­n
2024-01-21,25,11,4.6,6,lluvia moderada a intervalos,medellã­n
2023-01-21,20,9,3.0,4,ligeras precipitaciones,medellã­n
2022-01-21,24,9,1.5,5,lluvia moderada a intervalos,medellã­n
2024-01-22,27,10,0.2,7,lluvia moderada a intervalos,medellã­n
2023-01-22,18,8,3.3,4,niebla moderada,medellã­n
2022-01-22,23,11,2.2,5,niebla moderada,medellã­n
2021-01-22,25,10,5.0,4,lluvia moderada a intervalos,medellã­n
2019-01-22,25,11,0.3,7,neblina,medellã­n
2024-01-23,27,10,0.1,8,lluvia moderada a intervalos,medellã­n
2023-01-23,21,8,1.9,5,niebla moderada,medellã­n
2022-01-23,26,10,1.2,5,niebla moderada,medellã­n
2019-01-23,26,11,0.1,6,parcialmente nublado,medellã­n
2024-01-24,26,9,0.0,7,lluvia moderada a intervalos,medellã­n
2023-01-24,24,9,2.2,5,intervalos de lluvias ligeras con tomenta en la regiã³n,medellã­n
2022-01-24,22,11,1.8,5,ligeras precipitaciones,medellã­n
2019-01-24,24,11,0.2,6,parcialmente nublado,medellã­n
2024-01-25,24,9,1.0,7,lluvia moderada a intervalos,medellã­n
2023-01-25,19,9,1.9,5,lluvia moderada a intervalos,medellã­n
2022-01-25,20,10,4.9,3,ligeras precipitaciones,medellã­n
2020-01-25,21,10,5.8,4,lluvia moderada a intervalos,medellã­n
2019-01-25,21,11,7.5,6,lluvias fuertes o moderadas,medellã­n
2024-01-26,25,10,2.3,6,lluvia moderada a intervalos,medellã­n
2023-01-26,21,8,0.8,5,niebla moderada,medellã­n
2022-01-26,24,10,1.7,4,niebla moderada,medellã­n
2019-01-26,25,12,0.6,6,llovizna,medellã­n
2024-01-27,26,10,3.1,6,niebla moderada,medellã­n
2023-01-27,28,7,0.2,6,lluvia moderada a intervalos,medellã­n
2022-01-27,23,9,1.3,4,ligeras precipitaciones,medellã­n
2021-01-27,22,10,2.0,4,lluvia moderada a intervalos,medellã­n
2019-01-27,21,12,6.8,4,ligeras precipitaciones,medellã­n
2024-01-28,27,9,1.7,7,despejado,medellã­n
2023-01-28,25,10,0.2,6,lluvia moderada a intervalos,medellã­n
2022-01-28,20,8,1.0,5,niebla moderada,medellã­n
2024-01-29,28,12,2.3,7,lluvia moderada a intervalos,medellã­n
2022-01-29,20,9,1.1,5,lluvia moderada a intervalos,medellã­n
2021-01-29,21,10,1.2,5,lluvia moderada a intervalos,medellã­n
2019-01-29,23,11,7.3,4,niebla moderada,medellã­n
2024-01-30,21,11,7.3,5,ligeras precipitaciones,medellã­n
2023-01-30,22,9,1.3,6,lluvia moderada a intervalos,medellã­n
2022-01-30,19,7,0.0,6,parcialmente nublado,medellã­n
2021-01-30,23,10,4.6,5,lluvia moderada a intervalos,medellã­n
2019-01-30,21,14,3.7,4,ligeras precipitaciones,medellã­n
2024-01-31,26,11,5.5,5,lluvia moderada a intervalos,medellã­n
2023-01-31,21,7,1.3,5,lluvia moderada a intervalos,medellã­n
2022-01-31,20,7,0.4,6,ligeras precipitaciones,medellã­n
2021-01-31,24,15,0.2,6,lluvia moderada a intervalos,medellã­n
2019-01-31,19,14,3.0,3,llovizna,medellã­n
2024-02-01,25,11,4.4,6,ligeras precipitaciones,medellã­n
2023-02-01,19,9,5.0,5,intervalos de lluvias ligeras con tomenta en la regiã³n,medellã­n
2022-02-01,22,10,0.1,6,lluvia moderada a intervalos,medellã­n
2021-02-01,23,12,6.3,4,lluvia moderada a intervalos,medellã­n
2019-02-01,25,13,3.9,4,lluvia moderada a intervalos,medellã­n
2022-02-02,19,8,1.8,5,lluvia moderada a intervalos,medellã­n
2023-02-03,23,8,4.6,5,ligeras precipitaciones,medellã­n
2022-02-03,19,7,2.4,4,intervalos de lluvias ligeras con tomenta en la regiã³n,medellã­n
2020-02-03,22,10,5.0,4,lluvia moderada a intervalos,medellã­n
2019-02-03,25,12,2.3,6,ligeras precipitaciones,medellã­n
2022-02-04,19,8,2.6,3,ligeras precipitaciones,medellã­n
2020-02-04,24,11,2.1,5,lluvia moderada a intervalos,medellã­n
2023-02-05,28,8,1.5,6,intervalos de lluvias ligeras con tomenta en la regiã³n,medellã­n
2022-02-05,21,11,5.0,2,ligeras precipitaciones,medellã­n
2020-02-05,27,13,1.3,5,lluvia moderada a intervalos,medellã­n
2023-02-06,23,8,1.7,5,intervalos de lluvias ligeras con tomenta en la regiã³n,medellã­n
2020-02-06,24,12,1.4,5,lluvia moderada a intervalos,medellã­n
2024-02-07,21,10,5.9,5,ligeras precipitaciones,medellã­n
2023-02-07,25,13,0.7,7,intervalos de lluvias ligeras con tomenta en la regiã³n,medellã­n
2022-02-07,23,9,2.9,4,ligeras precipitaciones,medellã­n
2021-02-07,24,14,5.6,4,intervalos de lluvias ligeras con tomenta en la regiã³n,medellã­n
2020-02-07,23,12,3.3,5,lluvia moderada a intervalos,medellã­n
2024-02-08,23,11,1.6,7,niebla moderada,medellã­n
2023-02-08,23,12,2.6,4,intervalos de lluvias ligeras con tomenta en la regiã³n,medellã­n
2022-02-08,24,10,3.6,4,ligeras precipitaciones,medellã­n
2020-02-08,23,10,2.9,5,lluvia moderada a intervalos,medellã­n
2024-02-09,26,14,1.1,7,lluvia moderada a intervalos,medellã­n
2023-02-09,22,13,2.6,4,ligeras precipitaciones,medellã­n
2022-02-09,19,10,5.1,4,ligeras precipitaciones,medellã­n
2020-02-09,22,10,3.1,5,lluvia moderada a intervalos,medellã­n
2023-02-10,25,14,1.4,4,lluvia moderada a intervalos,medellã­n
2022-02-10,24,9,2.7,5,ligeras precipitaciones,medellã­n
2020-02-10,21,11,5.6,5,lluvia moderada a intervalos,medellã­n
2024-02-11,27,12,2.8,6,lluvia moderada a intervalos,medellã­n
2023-02-11,21,10,3.2,4,llovizna,medellã­n
2022-02-11,25,10,0.7,5,lluvia moderada a intervalos,medellã­n
2020-02-11,22,11,0.8,5,lluvia moderada a intervalos,medellã­n
2024-02-12,26,11,1.4,6,lluvia moderada a intervalos,medellã­n
2023-02-12,25,10,2.0,5,lluvia moderada a intervalos,medellã­n
2020-02-12,23,11,0.8,5,lluvia moderada a intervalos,medellã­n
2024-02-13,26,11,3.3,6,lluvia moderada a intervalos,medellã­n
2023-02-13,22,10,3.6,5,ligeras precipitaciones,medellã­n
2022-02-13,24,11,4.1,4,ligeras precipitaciones,medellã­n
2020-02-13,22,13,3.3,5,lluvia moderada a intervalos,medellã­n
2024-02-14,24,10,1.1,6,lluvia moderada a intervalos,medellã­n
2023-02-14,24,13,4.9,3,ligeras precipitaciones,medellã­n
2022-02-14,22,13,5.2,4,ligeras precipitaciones,medellã­n
2024-02-15,27,9,0.0,8,parcialmente nublado,medellã­n
2023-02-15,22,13,3.9,3,ligeras precipitaciones,medellã­n
2022-02-15,24,11,1.2,5,niebla moderada,medellã­n
2019-02-15,24,12,7.3,6,lluvias fuertes o moderadas,medellã­n
2024-02-16,28,13,1.6,6,lluvia moderada a intervalos,medellã­n
2023-02-16,22,10,5.3,2,ligeras precipitaciones,medellã­n
2022-02-16,20,10,1.5,5,lluvia moderada a intervalos,medellã­n
2023-02-17,23,10,4.3,4,ligeras precipitaciones,medellã­n
2022-02-17,22,9,2.5,5,ligeras precipitaciones,medellã­n
2021-02-17,20,11,7.7,3,ligeras precipitaciones,medellã­n
2020-02-17,21,11,3.8,7,lluvia moderada a intervalos,medellã­n
2024-02-18,25,11,4.7,6,lluvia moderada a intervalos,medellã­n
2022-02-18,19,10,4.3,4,ligeras precipitaciones,medellã­n
2024-02-19,26,10,3.2,6,lluvia moderada a intervalos,medellã­n
2023-02-19,28,7,0.8,6,lluvia moderada a intervalos,medellã­n
2022-02-19,24,11,4.2,4,ligeras precipitaciones,medellã­n
2024-02-20,27,9,4.4,6,lluvia moderada a intervalos,medellã­n
2023-02-20,20,9,5.9,5,lluvias fuertes o moderadas,medellã­n
2022-02-20,17,9,3.4,2,ligeras precipitaciones,medellã­n
2024-02-21,27,11,3.8,6,lluvia moderada a intervalos,medellã­n
2023-02-21,20,7,4.8,5,intervalos de lluvias ligeras con tomenta en la regiã³n,medellã­n
2022-02-21,21,9,2.0,4,niebla moderada,medellã­n
2024-02-22,21,10,4.6,5,ligeras precipitaciones,medellã­n
2023-02-22,26,9,1.7,5,lluvia moderada a intervalos,medellã­n
2022-02-22,20,10,1.3,5,lluvia moderada a intervalos,medellã­n
2023-02-23,27,8,1.1,5,lluvia moderada a intervalos,medellã­n
2022-02-23,23,9,4.1,5,ligeras precipitaciones,medellã­n
2024-02-24,25,14,5.6,6,ligeras precipitaciones,medellã­n
2023-02-24,24,12,0.9,6,lluvia moderada a intervalos,medellã­n
2022-02-24,22,10,2.8,3,ligeras precipitaciones,medellã­n
2021-02-24,23,13,6.2,6,lluvia moderada a intervalos,medellã­n
2023-02-25,24,10,1.5,6,lluvia moderada a intervalos,medellã­n
2024-02-26,27,14,3.0,7,lluvia moderada a intervalos,medellã­n
2023-02-26,23,11,2.7,5,lluvia moderada a intervalos,medellã­n
2022-02-26,24,14,3.1,4,ligeras precipitaciones,medellã­n
2020-02-26,21,12,7.3,4,ligeras precipitaciones,medellã­n
2024-02-27,25,11,4.8,7,llovizna a intervalos,medellã­n
2023-02-27,27,11,1.5,6,intervalos de lluvias ligeras con tomenta en la regiã³n,medellã­n
2022-02-27,17,15,4.4,2,ligeras precipitaciones,medellã­n
2024-02-28,27,10,2.5,7,niebla moderada,medellã­n
2023-02-28,23,10,1.7,6,lluvia moderada a intervalos,medellã­n
2022-02-28,20,10,5.8,2,ligeras precipitaciones,medellã­n
2020-02-28,23,10,6.8,5,lluvia moderada a intervalos,medellã­n
2024-02-29,25,10,2.5,7,lluvia moderada a intervalos,medellã­n
2024-03-01,25,10,2.2,7,lluvia moderada a intervalos,medellã­n
2023-03-01,18,10,2.1,4,ligeras precipitaciones,medellã­n
2022-03-01,22,10,8.0,5,ligeras precipitaciones,medellã­n
2024-03-02,27,9,6.0,6,ligeras precipitaciones,medellã­n
2023-03-02,25,10,2.0,6,intervalos de lluvias ligeras con tomenta en la regiã³n,medellã­n
2022-03-02,19,10,3.6,3,ligeras precipitaciones,medellã­n
2024-03-03,28,13,1.8,7,lluvia moderada a intervalos,medellã­n
2023-03-03,25,10,2.9,4,lluvia moderada a intervalos,medellã­n
2022-03-03,21,10,1.8,5,ligeras precipitaciones,medellã­n
2024-03-04,25,12,3.8,7,ligeras precipitaciones,medellã­n
2023-03-04,22,10,5.3,4,ligeras precipitaciones,medellã­n
2022-03-04,21,11,5.3,3,ligeras precipitaciones,medellã­n
2024-03-05,25,10,6.3,7,ligeras precipitaciones,medellã­n
2023-03-05,20,9,5.3,4,ligeras precipitaciones,medellã­n
2022-03-05,21,9,4.3,3,ligeras precipitaciones,medellã­n
2020-03-05,27,12,2.7,5,intervalos de lluvias ligeras con tomenta en la regiã³n,medellã­n
2024-03-06,24,10,4.8,6,ligeras precipitaciones,medellã­n
2023-03-06,22,11,7.1,4,ligeras precipitaciones,medellã­n
2022-03-06,20,13,5.4,3,lluvias fuertes o moderadas,medellã­n
2024-03-07,26,10,1.2,6,lluvia moderada a intervalos,medellã­n
2022-03-07,20,14,2.9,5,ligeras precipitaciones,medellã­n
2024-03-08,26,11,4.8,7,lluvia moderada a intervalos,medellã­n
2022-03-08,22,10,5.6,4,ligeras precipitaciones,medellã­n
2024-03-09,28,13,7.1,7,llovizna a intervalos,medellã­n
2022-03-09,25,14,1.3,5,niebla moderada,medellã­n
2024-03-10,24,11,5.5,5,ligeras precipitaciones,medellã­n
2022-03-10,22,10,3.0,4,ligeras precipitaciones,medellã­n
2024-03-11,25,12,5.0,7,ligeras precipitaciones,medellã­n
2022-03-11,23,10,3.0,4,lluvia moderada a intervalos,medellã­n
2024-03-12,27,12,4.9,7,lluvia moderada a intervalos,medellã­n
2022-03-12,25,11,2.1,4,lluvia moderada a intervalos,medellã­n
2024-03-13,26,12,5.0,6,ligeras precipitaciones,medellã­n
2022-03-13,21,10,4.1,3,ligeras precipitaciones,medellã­n
2022-03-14,21,11,3.2,4,ligeras precipitaciones,medellã­n
2024-03-15,23,11,6.8,4,ligeras precipitaciones,medellã­n
2022-03-15,21,10,4.8,4,ligeras precipitaciones,medellã­n
2022-03-16,22,13,3.9,4,ligeras precipitaciones,medellã­n
2024-03-17,26,11,1.7,7,lluvia moderada a intervalos,medellã­n
2022-03-17,24,14,1.6,5,ligeras precipitaciones,medellã­n
2020-03-17,26,15,1.6,5,lluvia moderada a intervalos,medellã­n
2024-03-18,26,11,6.7,5,llovizna a intervalos,medellã­n
2022-03-18,27,15,2.4,4,lluvia moderada a intervalos,medellã­n
2020-03-18,27,14,3.2,4,lluvia moderada a intervalos,medellã­n
2022-03-19,23,15,2.5,3,ligeras precipitaciones,medellã­n
2022-03-20,23,12,4.3,4,ligeras precipitaciones,medellã­n
2019-03-20,19,12,6.4,3,lluvias fuertes o moderadas,medellã­n
2023-03-21,28,9,3.2,6,lluvia moderada a intervalos,medellã­n
2020-03-21,25,14,3.6,5,lluvia moderada a intervalos,medellã­n
2024-03-22,26,10,3.1,5,intervalos de lluvias ligeras con tomenta en la regiã³n,medellã­n
2022-03-22,26,13,2.7,4,ligeras precipitaciones,medellã­n
2020-03-22,27,12,0.5,4,lluvia moderada a intervalos,medellã­n
2024-03-23,23,11,7.0,3,ligeras precipitaciones,medellã­n
2022-03-23,22,14,5.1,4,ligeras precipitaciones,medellã­n
2020-03-23,27,13,0.8,4,lluvia moderada a intervalos,medellã­n
2022-03-24,22,15,5.3,3,ligeras precipitaciones,medellã­n
2020-03-24,27,14,3.5,5,lluvia moderada a intervalos,medellã­n
2022-03-25,22,14,3.4,2,ligeras precipitaciones,medellã­n
2022-03-26,23,14,4.5,3,ligeras precipitaciones,medellã­n
2020-03-26,27,13,3.9,5,lluvia moderada a intervalos,medellã­n
2020-03-27,27,14,1.0,5,lluvia moderada a intervalos,medellã­n
2024-03-28,28,11,3.8,6,ligeras precipitaciones,medellã­n
2022-03-28,21,15,4.9,2,ligeras precipitaciones,medellã­n
2020-03-28,26,12,7.8,4,lluvia moderada a intervalos,medellã­n
2024-03-29,26,11,2.0,8,niebla moderada,medellã­n
2022-03-29,19,11,4.4,4,ligeras precipitaciones,medellã­n
2024-03-30,27,12,2.5,7,ligeras precipitaciones,medellã­n
2022-03-30,20,10,2.0,3,ligeras precipitaciones,medellã­n
2021-03-30,23,10,4.7,5,intervalos de lluvias ligeras con tomenta en la regiã³n,medellã­n
2022-03-31,20,10,8.0,3,ligeras precipitaciones,medellã­n
2022-04-02,25,11,5.6,4,ligeras precipitaciones,medellã­n
2022-04-03,19,10,3.6,2,ligeras precipitaciones,medellã­n
2022-04-04,23,15,4.0,3,ligeras precipitaciones,medellã­n
2022-04-06,18,11,6.6,2,ligeras precipitaciones,medellã­n
2024-04-07,23,10,6.2,6,lluvia moderada a intervalos,medellã­n
2022-04-07,19,10,3.3,4,llovizna a intervalos,medellã­n
2024-04-08,27,11,3.9,6,lluvia moderada a intervalos,medellã­n
2024-04-09,26,11,4.8,5,intervalos de lluvias ligeras con tomenta en la regiã³n,medellã­n
2022-04-09,23,9,3.1,5,ligeras precipitaciones,medellã­n
2024-04-10,25,11,4.0,4,lluvia moderada a intervalos,medellã­n
2022-04-10,21,10,7.2,2,ligeras precipitaciones,medellã­n
2024-04-11,24,11,5.3,6,ligeras precipitaciones,medellã­n
2022-04-11,21,10,4.6,4,intervalos de lluvias ligeras con tomenta en la regiã³n,medellã­n
2024-04-12,26,11,2.6,9,lluvia moderada a intervalos,medellã­n
2022-04-12,23,13,2.6,3,niebla moderada,medellã­n
2021-04-12,24,13,7.3,5,intervalos de lluvias ligeras con tomenta en la regiã³n,medellã­n
2024-04-13,27,11,2.2,7,lluvia moderada a intervalos,medellã­n
2022-04-13,22,15,3.2,3,ligeras precipitaciones,medellã­n
2021-04-13,25,12,5.7,4,llovizna,medellã­n
2022-04-14,22,11,3.7,3,ligeras precipitaciones,medellã­n
2024-04-15,25,10,5.8,5,lluvia moderada a intervalos,medellã­n
2022-04-15,24,10,7.5,3,ligeras precipitaciones,medellã­n
2022-04-16,21,9,2.7,4,ligeras precipitaciones,medellã­n
2020-04-16,25,13,4.9,3,lluvia moderada a intervalos,medellã­n
2022-04-17,19,10,6.7,5,ligeras precipitaciones,medellã­n
2022-04-18,19,10,2.4,5,ligeras precipitaciones,medellã­n
2022-04-19,20,12,5.8,2,ligeras precipitaciones,medellã­n
2024-04-20,27,9,4.7,5,lluvia moderada a intervalos,medellã­n
2022-04-20,23,14,3.4,5,llovizna,medellã­n
2022-04-21,20,10,4.7,3,ligeras precipitaciones,medellã­n
2022-04-22,20,9,3.2,4,ligeras precipitaciones,medellã­n
2023-04-23,24,8,0.8,6,lluvia moderada a intervalos,medellã­n
2022-04-23,21,10,3.6,3,ligeras precipitaciones,medellã­n
2022-04-24,21,10,3.4,4,ligeras precipitaciones,medellã­n
2021-04-25,24,14,3.0,5,intervalos de lluvias ligeras con tomenta en la regiã³n,medellã­n
2022-04-26,19,11,6.6,4,ligeras precipitaciones,medellã­n
2021-04-26,26,12,8.0,4,ligeras precipitaciones,medellã­n
2020-04-27,27,13,3.4,5,lluvia moderada a intervalos,medellã­n
2022-04-28,21,13,2.1,2,ligeras precipitaciones,medellã­n
2022-04-29,24,10,4.8,4,ligeras precipitaciones,medellã­n
2019-04-29,24,12,5.0,4,lluvia moderada a intervalos,medellã­n
2019-04-30,25,11,0.0,8,parcialmente nublado,medellã­n
2022-05-12,19,11,3.0,2,ligeras precipitaciones,medellã­n
2021-05-12,25,12,7.8,5,niebla moderada,medellã­n
2024-05-14,27,10,4.0,5,niebla moderada,medellã­n
2022-05-14,22,10,3.6,4,ligeras precipitaciones,medellã­n
2022-05-15,23,10,3.2,5,ligeras precipitaciones,medellã­n
2024-05-16,19,10,5.4,3,ligeras precipitaciones,medellã­n
2022-05-16,23,11,4.9,3,ligeras precipitaciones,medellã­n
2022-05-18,21,11,5.2,4,ligeras precipitaciones,medellã­n
2022-05-19,18,11,3.5,4,ligeras precipitaciones,medellã­n
2022-05-20,19,10,3.2,3,ligeras precipitaciones,medellã­n
2022-05-21,18,9,5.1,4,ligeras precipitaciones,medellã­n
2022-05-22,24,9,5.4,4,niebla moderada,medellã­n
2022-05-23,22,9,7.1,3,ligeras precipitaciones,medellã­n
2022-05-24,23,10,3.6,3,ligeras precipitaciones,medellã­n
2022-05-25,21,13,5.9,4,ligeras precipitaciones,medellã­n
2022-05-26,21,10,2.3,4,ligeras precipitaciones,medellã­n
2022-05-27,22,10,3.2,5,ligeras precipitaciones,medellã­n
2022-05-28,22,9,2.1,4,ligeras precipitaciones,medellã­n
2022-05-29,23,10,3.1,5,ligeras precipitaciones,medellã­n
2022-05-30,21,10,4.0,4,ligeras precipitaciones,medellã­n
2022-05-31,22,9,2.8,2,ligeras precipitaciones,medellã­n
2022-06-11,23,10,7.6,4,ligeras precipitaciones,medellã­n
2022-06-12,22,10,5.1,5,intervalos de lluvias ligeras con tomenta en la regiã³n,medellã­n
2023-06-13,23,10,7.9,6,ligeras lluvias,medellã­n
2022-06-13,20,9,2.5,4,ligeras precipitaciones,medellã­n
2023-06-14,25,10,7.9,6,lluvia moderada a intervalos,medellã­n
2022-06-14,21,10,5.4,3,ligeras precipitaciones,medellã­n
2023-06-15,25,10,3.6,6,lluvia moderada a intervalos,medellã­n
2022-06-15,23,8,3.5,4,ligeras precipitaciones,medellã­n
2024-06-16,19,11,5.3,4,ligeras precipitaciones,medellã­n
2022-06-16,22,9,2.9,4,niebla moderada,medellã­n
2024-06-17,26,9,4.7,5,lluvia moderada a intervalos,medellã­n
2022-06-17,20,9,3.1,2,ligeras precipitaciones,medellã­n
2021-06-17,24,12,6.1,5,niebla moderada,medellã­n
2019-06-17,27,10,1.4,9,lluvia moderada a intervalos,medellã­n
2024-06-18,20,10,5.5,4,ligeras precipitaciones,medellã­n
2022-06-18,21,9,6.2,3,intervalos de lluvias ligeras con tomenta en la regiã³n,medellã­n
2021-06-18,25,14,2.9,5,niebla moderada,medellã­n
2019-06-18,28,10,2.1,7,lluvia moderada a intervalos,medellã­n
2021-06-19,25,13,5.7,5,lluvia moderada a intervalos,medellã­n
2019-06-19,27,10,3.2,8,lluvia moderada a intervalos,medellã­n
2022-06-20,17,10,4.5,3,ligeras precipitaciones,medellã­n
2019-06-20,27,14,0.9,10,lluvia moderada a intervalos,medellã­n
2022-06-21,22,9,7.8,4,ligeras precipitaciones,medellã­n
2021-06-21,25,14,6.8,4,periodos de lluvia moderada,medellã­n
2019-06-21,27,13,3.2,10,ligeras precipitaciones,medellã­n
2022-06-22,23,10,1.4,5,niebla moderada,medellã­n
2019-06-22,27,9,3.8,7,ligeras precipitaciones,medellã­n
2022-06-23,22,9,4.0,5,intervalos de lluvias ligeras con tomenta en la regiã³n,medellã­n
2019-06-23,27,10,4.6,7,ligeras precipitaciones,medellã­n
2022-06-24,21,10,3.1,5,ligeras precipitaciones,medellã­n
2022-06-25,22,10,6.9,4,ligeras precipitaciones,medellã­n
2020-06-25,26,10,6.9,5,lluvia moderada a intervalos,medellã­n
2022-06-26,20,9,6.0,4,ligeras precipitaciones,medellã­n
2019-06-26,27,10,3.3,7,lluvia moderada a intervalos,medellã­n
2022-06-27,21,9,4.9,4,ligeras precipitaciones,medellã­n
2019-06-27,27,9,4.6,6,lluvia moderada a intervalos,medellã­n
2023-06-28,24,9,2.5,5,niebla moderada,medellã­n
2022-06-28,22,9,4.3,5,niebla moderada,medellã­n
2019-06-28,25,9,4.0,10,ligeras precipitaciones,medellã­n
2019-06-29,25,9,5.0,10,lluvias fuertes o moderadas,medellã­n
2022-06-30,24,9,4.5,4,ligeras precipitaciones,medellã­n
2022-07-11,17,10,2.1,2,ligeras precipitaciones,medellã­n
2024-07-12,24,10,7.5,6,niebla moderada,medellã­n
2022-07-12,22,10,4.3,5,intervalos de lluvias ligeras con tomenta en la regiã³n,medellã­n
2021-07-12,20,10,7.6,5,intervalos de lluvias ligeras con tomenta en la regiã³n,medellã­n
2024-07-13,22,8,4.4,5,llovizna a intervalos,medellã­n
2022-07-13,22,10,7.5,4,ligeras precipitaciones,medellã­n
2024-07-14,27,9,0.3,7,lluvia moderada a intervalos,medellã­n
2022-07-14,21,10,4.0,4,ligeras precipitaciones,medellã­n
2022-07-15,21,9,2.4,3,ligeras precipitaciones,medellã­n
2024-07-16,27,10,2.1,6,intervalos de lluvias ligeras con tomenta en la regiã³n,medellã­n
2022-07-16,23,9,5.0,5,intervalos de lluvias ligeras con tomenta en la regiã³n,medellã­n
2024-07-17,26,10,3.5,4,lluvia moderada a intervalos,medellã­n
2022-07-17,24,9,2.0,6,intervalos de lluvias ligeras con tomenta en la regiã³n,medellã­n
2019-07-17,28,14,3.0,6,lluvia moderada a intervalos,medellã­n
2024-07-18,25,9,3.5,6,lluvia moderada a intervalos,medellã­n
2023-07-18,28,9,3.7,9,periodos de lluvia moderada,medellã­n
2019-07-18,27,13,1.8,7,lluvia moderada a intervalos,medellã­n
2024-07-19,24,9,4.8,5,lluvia moderada a intervalos,medellã­n
2021-07-19,26,13,1.6,9,lluvia moderada a intervalos,medellã­n
2019-07-19,27,13,2.8,9,lluvia moderada a intervalos,medellã­n
2024-07-20,27,9,0.2,8,niebla moderada,medellã­n
2022-07-20,23,10,4.0,5,intervalos de lluvias ligeras con tomenta en la regiã³n,medellã­n
2021-07-20,26,12,0.0,7,parcialmente nublado,medellã­n
2019-07-20,27,10,1.5,9,lluvia moderada a intervalos,medellã­n
2024-07-21,24,9,6.9,5,intervalos de lluvias ligeras con tomenta en la regiã³n,medellã­n
2022-07-21,25,9,1.7,5,intervalos de lluvias ligeras con tomenta en la regiã³n,medellã­n
2021-07-21,26,10,0.1,8,parcialmente nublado,medellã­n
2019-07-21,28,10,4.8,7,intervalos de lluvias ligeras con tomenta en la regiã³n,medellã­n
2024-07-22,24,9,5.5,5,intervalos de lluvias ligeras con tomenta en la regiã³n,medellã­n
2023-07-22,24,11,6.2,5,ligeras precipitaciones,medellã­n
2021-07-22,25,11,1.3,8,lluvia moderada a intervalos,medellã­n
2024-07-23,27,9,0.1,7,lluvia moderada a intervalos,medellã­n
2021-07-23,25,11,1.5,8,lluvia moderada a intervalos,medellã­n
2024-07-24,28,9,0.5,7,lluvia moderada a intervalos,medellã­n
2021-07-24,25,10,3.9,4,lluvia moderada a intervalos,medellã­n
2024-07-25,27,10,1.1,5,lluvia moderada a intervalos,medellã­n
2024-07-27,24,9,5.8,5,niebla moderada,medellã­n
2022-07-27,18,13,7.2,3,ligeras precipitaciones,medellã­n
2019-07-27,25,12,7.8,8,llovizna a intervalos,medellã­n
2024-07-28,26,9,3.9,7,niebla moderada,medellã­n
2022-07-28,21,10,7.5,2,ligeras precipitaciones,medellã­n
2024-07-29,27,10,0.9,7,lluvia moderada a intervalos,medellã­n
2022-07-29,21,9,2.8,6,niebla moderada,medellã­n
2024-07-30,25,10,4.3,6,lluvia moderada a intervalos,medellã­n
2022-07-30,24,11,6.5,5,intervalos de lluvias ligeras con tomenta en la regiã³n,medellã­n
2021-07-30,25,9,4.5,5,niebla moderada,medellã­n
2019-07-30,27,14,7.2,8,ligeras precipitaciones,medellã­n
2024-07-31,27,10,0.7,7,lluvia moderada a intervalos,medellã­n
2022-07-31,21,10,4.7,4,ligeras precipitaciones,medellã­n
2021-07-31,26,13,3.1,5,niebla moderada,medellã­n
2019-07-31,27,15,3.8,7,ligeras precipitaciones,medellã­n
2022-05-01,21,10,3.9,4,ligeras precipitaciones,medellã­n
2019-05-01,26,11,0.0,7,parcialmente nublado,medellã­n
2022-05-02,22,13,4.1,5,ligeras precipitaciones,medellã­n
2019-05-02,26,11,0.6,7,parcialmente nublado,medellã­n
2022-05-03,24,14,3.3,5,intervalos de lluvias ligeras con tomenta en la regiã³n,medellã­n
2019-05-03,25,11,6.1,5,ligeras precipitaciones,medellã­n
2022-05-05,22,10,2.7,4,llovizna a intervalos,medellã­n
2022-05-06,24,9,3.6,4,ligeras precipitaciones,medellã­n
2022-05-07,20,11,8.0,1,ligeras precipitaciones,medellã­n
2022-05-08,21,11,7.8,4,ligeras precipitaciones,medellã­n
2020-05-08,27,13,4.2,7,lluvia moderada a intervalos,medellã­n
2022-05-09,27,10,6.6,4,intervalos de lluvias ligeras con tomenta en la regiã³n,medellã­n
2020-05-09,27,13,4.0,6,lluvia moderada a intervalos,medellã­n
2024-06-01,28,11,0.8,5,lluvia moderada a intervalos,medellã­n
2022-06-01,20,9,3.4,2,ligeras precipitaciones,medellã­n
2024-06-02,27,11,7.4,4,intervalos de lluvias ligeras con tomenta en la regiã³n,medellã­n
2022-06-02,22,10,5.7,3,intervalos de lluvias ligeras con tomenta en la regiã³n,medellã­n
2022-06-03,22,9,4.4,2,ligeras precipitaciones,medellã­n
2023-06-04,28,11,7.6,5,intervalos de lluvias ligeras con tomenta en la regiã³n,medellã­n
2023-06-05,24,12,8.0,6,ligeras precipitaciones,medellã­n
2022-06-06,18,9,2.7,3,ligeras precipitaciones,medellã­n
2022-06-07,17,9,7.3,3,ligeras precipitaciones,medellã­n
2022-06-08,21,8,3.5,4,ligeras precipitaciones,medellã­n
2022-06-09,21,9,3.0,2,ligeras precipitaciones,medellã­n
2022-06-10,22,9,4.9,4,intervalos de lluvias ligeras con tomenta en la regiã³n,medellã­n
2021-06-10,19,10,4.9,2,ligeras precipitaciones,medellã­n
2022-07-02,21,10,6.5,4,ligeras precipitaciones,medellã­n
2022-07-03,23,9,2.0,5,niebla moderada,medellã­n
2021-07-03,25,9,4.2,4,periodos de lluvia moderada,medellã­n
2022-07-04,23,8,1.4,6,niebla moderada,medellã­n
2021-07-04,24,10,1.0,5,lluvia moderada a intervalos,medellã­n
2022-07-05,28,9,1.3,5,lluvia moderada a intervalos,medellã­n
2021-07-05,26,11,1.6,5,lluvia moderada a intervalos,medellã­n
2022-07-06,24,9,0.6,6,niebla moderada,medellã­n
2021-07-06,26,10,1.2,5,lluvia moderada a intervalos,medellã­n
2019-07-06,24,10,3.6,10,lluvia moderada a intervalos,medellã­n
2024-07-07,25,14,3.8,5,niebla moderada,medellã­n
2022-07-07,28,9,0.7,6,niebla moderada,medellã­n
2021-07-07,26,13,1.1,5,intervalos de lluvias ligeras con tomenta en la regiã³n,medellã­n
2019-07-07,27,9,3.3,8,lluvia moderada a intervalos,medellã­n
2024-07-08,26,9,2.0,6,lluvia moderada a intervalos,medellã­n
2022-07-08,26,9,1.8,6,niebla moderada,medellã­n
2024-07-09,26,9,6.7,5,intervalos de lluvias ligeras con tomenta en la regiã³n,medellã­n
2022-07-09,25,9,1.7,5,intervalos de lluvias ligeras con tomenta en la regiã³n,medellã­n
2024-07-10,24,9,8.0,5,intervalos de lluvias ligeras con tomenta en la regiã³n,medellã­n
2022-07-10,25,9,2.3,4,ligeras precipitaciones,medellã­n
2019-07-10,26,11,4.6,7,lluvias fuertes o moderadas,medellã­n
2024-08-01,26,9,4.5,5,niebla moderada,medellã­n
2023-08-01,26,9,1.8,9,lluvia moderada a intervalos,medellã­n
2022-08-01,22,10,6.1,5,ligeras precipitaciones,medellã­n
2024-08-02,22,9,7.9,4,intervalos de lluvias ligeras con tomenta en la regiã³n,medellã­n
2021-08-02,24,15,3.0,5,lluvia moderada a intervalos,medellã­n
2020-08-02,27,14,1.4,5,lluvia moderada a intervalos,medellã­n
2022-08-04,21,10,7.0,5,ligeras precipitaciones,medellã­n
2021-08-04,25,10,0.0,8,parcialmente nublado,medellã­n
2020-08-04,26,15,3.8,4,lluvia moderada a intervalos,medellã­n
2023-08-05,28,9,5.7,7,periodos de lluvia moderada,medellã­n
2022-08-05,20,9,5.2,2,ligeras precipitaciones,medellã­n
2021-08-05,25,14,0.1,7,parcialmente nublado,medellã­n
2019-08-05,27,15,4.0,7,lluvia moderada a intervalos,medellã­n
2023-08-06,28,10,6.8,6,periodos de lluvia moderada,medellã­n
2021-08-06,26,10,0.3,6,lluvia moderada a intervalos,medellã­n
2020-08-06,26,14,6.8,5,lluvia moderada a intervalos,medellã­n
2019-08-06,27,9,2.2,7,lluvia moderada a intervalos,medellã­n
2022-08-07,22,9,1.9,5,ligeras precipitaciones,medellã­n
2021-08-07,25,10,1.6,4,lluvia moderada a intervalos,medellã­n
2020-08-07,26,13,1.3,9,lluvia moderada a intervalos,medellã­n
2019-08-07,24,9,4.2,8,lluvia moderada a intervalos,medellã­n
2023-08-08,28,10,6.9,11,ligeras precipitaciones,medellã­n
2020-08-08,27,12,4.7,7,periodos de lluvia moderada,medellã­n
2023-08-09,27,10,0.1,7,neblina,medellã­n
2022-08-09,26,9,2.1,6,lluvia moderada a intervalos,medellã­n
2020-08-09,28,13,2.5,6,periodos de lluvia moderada,medellã­n
2019-08-09,24,9,7.6,6,ligeras precipitaciones,medellã­n
2020-08-10,27,12,3.9,5,lluvia moderada a intervalos,medellã­n
2019-08-10,27,8,7.0,7,intervalos de lluvias ligeras con tomenta en la regiã³n,medellã­n
2022-08-12,22,8,3.2,5,ligeras precipitaciones,medellã­n
2022-08-13,20,9,4.7,3,ligeras lluvias,medellã­n
2024-08-14,25,13,3.2,5,niebla moderada,medellã­n
2023-08-14,26,9,7.5,7,niebla moderada,medellã­n
2022-08-14,22,9,3.7,4,ligeras precipitaciones,medellã­n
2024-08-15,28,10,0.4,9,lluvia moderada a intervalos,medellã­n
2019-08-15,25,11,7.3,7,lluvias fuertes o moderadas,medellã­n
2024-08-16,26,10,4.2,5,intervalos de lluvias ligeras con tomenta en la regiã³n,medellã­n
2024-08-17,28,9,5.9,5,niebla moderada,medellã­n
2022-08-17,21,9,3.4,4,ligeras precipitaciones,medellã­n
2024-08-19,27,10,0.0,8,lluvia moderada a intervalos,medellã­n
2022-08-19,26,10,1.2,6,niebla moderada,medellã­n
2019-08-19,27,12,7.4,8,intervalos de lluvias ligeras con tomenta en la regiã³n,medellã­n
2024-08-20,27,14,0.4,7,lluvia moderada a intervalos,medellã­n
2022-08-20,28,9,1.2,6,lluvia moderada a intervalos,medellã­n
2019-08-20,26,14,2.0,7,lluvia moderada a intervalos,medellã­n
2024-08-21,26,10,4.8,4,periodos de lluvia moderada,medellã­n
2022-08-21,21,9,3.0,2,ligeras precipitaciones,medellã­n
2019-08-21,26,14,0.3,8,parcialmente nublado,medellã­n
2024-08-22,24,9,7.3,5,intervalos de lluvias ligeras con tomenta en la regiã³n,medellã­n
2022-08-22,21,10,5.5,3,ligeras precipitaciones,medellã­n
2019-08-22,27,11,3.3,7,lluvia moderada a intervalos,medellã­n
2023-08-23,25,9,5.4,5,periodos de lluvia moderada,medellã­n
2022-08-23,20,9,2.2,5,niebla moderada,medellã­n
2019-08-23,27,12,3.6,6,lluvia moderada a intervalos,medellã­n
2023-08-24,25,9,8.0,7,ligeras precipitaciones,medellã­n
2022-08-24,24,9,1.7,5,niebla moderada,medellã­n
2019-08-24,27,12,2.0,7,parcialmente nublado,medellã­n
2024-08-26,25,11,6.1,5,lluvia moderada a intervalos,medellã­n
2023-08-26,25,9,7.0,5,niebla moderada,medellã­n
2022-08-26,21,12,3.3,4,intervalos de lluvias ligeras con tomenta en la regiã³n,medellã­n
2021-08-26,23,10,4.4,3,niebla moderada,medellã­n
2019-08-26,25,15,3.8,8,lluvia moderada a intervalos,medellã­n
2024-08-27,26,10,1.6,6,periodos de lluvia moderada,medellã­n
2023-08-27,27,10,0.0,7,neblina,medellã­n
2022-08-27,20,9,5.2,3,intervalos de lluvias ligeras con tomenta en la regiã³n,medellã­n
2021-08-27,21,9,4.7,4,ligeras precipitaciones,medellã­n
2019-08-27,28,15,0.9,8,parcialmente nublado,medellã­n
2023-08-28,27,9,0.2,7,neblina,medellã­n
2022-08-28,20,9,7.8,4,intervalos de lluvias ligeras con tomenta en la regiã³n,medellã­n
2021-08-28,22,9,2.6,5,intervalos de lluvias ligeras con tomenta en la regiã³n,medellã­n
2024-08-29,25,13,6.9,5,llovizna a intervalos,medellã­n
2023-08-29,28,10,0.5,8,lluvia moderada a intervalos,medellã­n
2021-08-29,23,11,4.5,5,intervalos de lluvias ligeras con tomenta en la regiã³n,medellã­n
2019-08-29,27,11,4.3,8,ligeras precipitaciones,medellã­n
2024-08-30,26,13,3.3,5,lluvia moderada a intervalos,medellã­n
2023-08-30,28,12,0.0,6,despejado,medellã­n
2021-08-30,22,14,6.5,2,ligeras precipitaciones,medellã­n
2019-08-30,28,12,1.1,8,lluvia moderada a intervalos,medellã­n
2022-08-31,23,8,2.2,5,niebla moderada,medellã­n
2021-08-31,21,14,4.0,3,ligeras precipitaciones,medellã­n
2019-08-31,26,10,6.7,6,intervalos de lluvias ligeras con tomenta en la regiã³n,medellã­n
2024-09-01,22,13,7.9,2,ligeras precipitaciones,medellã­n
2021-09-01,20,15,6.5,5,ligeras precipitaciones,medellã­n
2022-09-02,22,9,6.3,4,ligeras precipitaciones,medellã­n
2021-09-02,22,10,7.7,5,intervalos de lluvias ligeras con tomenta en la regiã³n,medellã­n
2024-09-03,26,13,4.1,5,llovizna a intervalos,medellã­n
2022-09-03,24,10,4.2,6,ligeras precipitaciones,medellã­n
2021-09-03,24,11,4.2,5,intervalos de lluvias ligeras con tomenta en la regiã³n,medellã­n
2024-09-04,26,15,5.2,5,niebla moderada,medellã­n
2022-09-04,26,9,1.2,6,niebla moderada,medellã­n
2021-09-04,23,10,2.7,4,intervalos de lluvias ligeras con tomenta en la regiã³n,medellã­n
2024-09-05,28,14,3.0,6,ligeras precipitaciones,medellã­n
2023-09-05,27,14,0.1,7,niebla moderada,medellã­n
2021-09-05,23,9,3.6,4,intervalos de lluvias ligeras con tomenta en la regiã³n,medellã­n
2019-09-05,27,15,6.4,7,lluvias fuertes o moderadas,medellã­n
2023-09-06,28,13,0.0,7,neblina,medellã­n
2021-09-06,18,9,2.4,2,llovizna a intervalos,medellã­n
2024-09-07,27,9,3.0,4,lluvia moderada a intervalos,medellã­n
2023-09-07,26,12,2.4,6,periodos de lluvia moderada,medellã­n
2022-09-07,28,8,0.7,4,lluvia moderada a intervalos,medellã­n
2021-09-07,20,10,5.3,3,ligeras precipitaciones,medellã­n
2019-09-07,27,15,4.8,4,lluvias fuertes o moderadas,medellã­n
2024-09-08,27,10,0.3,8,niebla moderada,medellã­n
2023-09-08,26,11,4.6,6,lluvia moderada a intervalos,medellã­n
2022-09-08,23,9,3.6,2,ligeras precipitaciones,medellã­n
2021-09-08,23,10,3.9,5,intervalos de lluvias ligeras con tomenta en la regiã³n,medellã­n
2019-09-08,27,15,1.3,4,parcialmente nublado,medellã­n
2024-09-09,28,10,0.0,9,neblina,medellã­n
2022-09-09,24,9,2.3,5,lluvia moderada a intervalos,medellã­n
2021-09-09,23,10,2.2,4,ligeras precipitaciones,medellã­n
2019-09-09,28,11,6.3,8,intervalos de lluvias ligeras con tomenta en la regiã³n,medellã­n
2024-09-10,28,10,0.0,7,lluvia moderada a intervalos,medellã­n
2022-09-10,22,11,5.1,5,ligeras precipitaciones,medellã­n
2021-09-10,22,10,7.8,4,intervalos de lluvias ligeras con tomenta en la regiã³n,medellã­n
2024-09-11,27,10,1.6,6,lluvia moderada a intervalos,medellã­n
2023-09-11,26,10,7.0,4,niebla moderada,medellã­n
2021-09-11,21,10,3.4,5,ligeras precipitaciones,medellã­n
2024-09-12,27,11,5.7,7,niebla moderada,medellã­n
2023-09-12,26,10,0.0,5,niebla moderada,medellã­n
2022-09-12,22,9,3.4,4,intervalos de lluvias ligeras con tomenta en la regiã³n,medellã­n
2021-09-12,23,9,3.9,4,ligeras precipitaciones,medellã­n
2024-09-13,27,11,6.9,6,ligeras precipitaciones,medellã­n
2023-09-13,27,14,7.2,6,neblina,medellã­n
2021-09-13,28,9,2.1,5,ligeras precipitaciones,medellã­n
2024-09-14,26,11,7.7,6,intervalos de lluvias ligeras con tomenta en la regiã³n,medellã­n
2023-09-14,25,15,3.6,5,niebla moderada,medellã­n
2022-09-14,18,12,6.4,4,ligeras lluvias,medellã­n
2021-09-14,22,11,2.3,4,lluvia moderada a intervalos,medellã­n
2020-09-14,26,10,1.9,6,neblina,medellã­n
2024-09-15,28,10,2.8,5,niebla moderada,medellã­n
2023-09-15,23,10,0.0,5,niebla moderada,medellã­n
2021-09-15,22,10,3.4,4,ligeras precipitaciones,medellã­n
2023-09-17,27,11,0.1,6,lluvia moderada a intervalos,medellã­n
2023-09-18,25,11,5.5,6,lluvia moderada a intervalos,medellã­n
2022-09-18,22,13,3.7,2,ligeras precipitaciones,medellã­n
2024-09-19,26,13,5.0,5,periodos de lluvia moderada,medellã­n
2023-09-19,27,11,4.4,8,ligeras precipitaciones,medellã­n
2022-09-19,21,13,8.0,2,ligeras precipitaciones,medellã­n
2021-09-19,23,11,4.1,4,ligeras precipitaciones,medellã­n
2023-09-20,27,9,0.6,8,lluvia moderada a intervalos,medellã­n
2021-09-20,22,13,2.5,5,ligeras precipitaciones,medellã­n
2023-09-21,28,9,0.2,8,lluvia moderada a intervalos,medellã­n
2022-09-21,22,12,6.0,3,ligeras precipitaciones,medellã­n
2021-09-21,22,15,3.7,4,ligeras precipitaciones,medellã­n
2023-09-22,27,11,5.4,6,lluvia moderada a intervalos,medellã­n
2022-09-22,22,12,3.3,5,intervalos de lluvias ligeras con tomenta en la regiã³n,medellã­n
2021-09-22,22,14,3.4,4,intervalos de lluvias ligeras con tomenta en la regiã³n,medellã­n
2020-09-22,24,11,7.9,4,periodos de lluvia moderada,medellã­n
2022-09-23,21,12,5.9,4,ligeras lluvias,medellã­n
2021-09-23,21,15,3.8,2,ligeras precipitaciones,medellã­n
2020-09-23,25,13,3.0,5,lluvia moderada a intervalos,medellã­n
2024-09-24,27,9,3.6,7,periodos de lluvia moderada,medellã­n
2023-09-24,22,10,7.2,4,ligeras precipitaciones,medellã­n
2024-09-25,24,10,7.1,6,niebla moderada,medellã­n
2023-09-25,27,9,3.6,6,intervalos de lluvias ligeras con tomenta en la regiã³n,medellã­n
2021-09-25,23,8,0.8,6,lluvia moderada a intervalos,medellã­n
2024-09-26,18,9,5.9,3,ligeras precipitaciones,medellã­n
2023-09-26,26,10,8.0,5,intervalos de lluvias ligeras con tomenta en la regiã³n,medellã­n
2022-09-26,25,10,1.3,5,ligeras precipitaciones,medellã­n
2021-09-26,28,8,0.6,6,lluvia moderada a intervalos,medellã­n
2022-09-27,28,9,0.4,5,lluvia moderada a intervalos,medellã­n
2021-09-27,28,9,0.9,5,lluvia moderada a intervalos,medellã­n
2022-09-28,22,9,1.6,4,lluvia moderada a intervalos,medellã­n
2021-09-28,25,9,1.4,5,intervalos de lluvias ligeras con tomenta en la regiã³n,medellã­n
2024-09-29,19,9,6.6,4,ligeras precipitaciones,medellã­n
2023-09-29,25,10,3.2,5,ligeras precipitaciones,medellã­n
2022-09-29,22,10,5.3,1,ligeras precipitaciones,medellã­n
2021-09-29,23,9,2.6,4,ligeras precipitaciones,medellã­n
2023-09-30,27,10,4.4,6,lluvia moderada a intervalos,medellã­n
2021-09-30,21,12,4.2,2,ligeras precipitaciones,medellã­n
2023-10-01,28,10,0.9,7,niebla moderada,medellã­n
2022-10-01,21,9,4.3,4,ligeras precipitaciones,medellã­n
2021-10-01,21,12,2.9,4,ligeras precipitaciones,medellã­n
2022-10-02,24,9,1.3,7,ligeras precipitaciones,medellã­n
2021-10-02,22,10,3.2,2,ligeras precipitaciones,medellã­n
2022-10-03,23,8,1.5,6,lluvia moderada a intervalos,medellã­n
2021-10-03,22,9,3.6,3,ligeras precipitaciones,medellã­n
2022-10-04,25,9,4.4,5,intervalos de lluvias ligeras con tomenta en la regiã³n,medellã­n
2021-10-04,23,10,4.3,4,ligeras precipitaciones,medellã­n
2022-10-05,20,10,6.2,3,ligeras precipitaciones,medellã­n
2021-10-05,24,9,2.8,4,intervalos de lluvias ligeras con tomenta en la regiã³n,medellã­n
2023-10-06,21,10,7.0,2,ligeras precipitaciones,medellã­n
2022-10-06,20,13,3.1,3,ligeras precipitaciones,medellã­n
2021-10-06,23,11,4.2,5,ligeras precipitaciones,medellã­n
2022-10-07,23,13,3.1,4,ligeras precipitaciones,medellã­n
2021-10-07,28,12,2.4,5,niebla moderada,medellã­n
2023-10-08,17,9,6.7,4,ligeras precipitaciones,medellã­n
2022-10-08,21,15,7.7,4,ligeras precipitaciones,medellã­n
2021-10-08,21,12,5.0,2,ligeras precipitaciones,medellã­n
2023-10-09,22,9,6.5,4,llovizna a intervalos,medellã­n
2022-10-09,20,12,3.9,2,ligeras precipitaciones,medellã­n
2021-10-09,21,10,4.7,3,ligeras precipitaciones,medellã­n
2022-10-10,21,10,6.1,2,ligeras precipitaciones,medellã­n
2021-10-10,22,10,4.2,4,ligeras precipitaciones,medellã­n
2022-10-11,23,14,1.5,3,ligeras precipitaciones,medellã­n
2024-10-12,25,9,2.8,6,periodos de lluvia moderada,medellã­n
2022-10-12,23,13,2.5,5,intervalos de lluvias ligeras con tomenta en la regiã³n,medellã­n
2021-10-12,22,10,3.9,3,ligeras precipitaciones,medellã­n
2024-10-13,23,9,6.7,6,intervalos de lluvias ligeras con tomenta en la regiã³n,medellã­n
2023-10-13,19,9,5.5,4,intervalos de lluvias ligeras con tomenta en la regiã³n,medellã­n
2022-10-13,20,11,5.5,1,ligeras precipitaciones,medellã­n
2021-10-13,23,10,6.0,5,intervalos de lluvias ligeras con tomenta en la regiã³n,medellã­n
2024-10-14,26,9,0.8,8,lluvia moderada a intervalos,medellã­n
2022-10-14,21,9,3.8,2,ligeras precipitaciones,medellã­n
2021-10-14,23,10,6.3,4,intervalos de lluvias ligeras con tomenta en la regiã³n,medellã­n
2022-10-15,20,10,4.7,5,ligeras precipitaciones,medellã­n
2021-10-15,22,11,4.8,3,intervalos de lluvias ligeras con tomenta en la regiã³n,medellã­n
2020-10-15,22,10,4.7,6,lluvia moderada a intervalos,medellã­n
2022-10-16,19,9,4.7,2,ligeras precipitaciones,medellã­n
2021-10-16,24,9,2.9,5,ligeras precipitaciones,medellã­n
2022-10-17,17,10,3.5,3,ligeras precipitaciones,medellã­n
2021-10-17,22,11,4.1,4,ligeras precipitaciones,medellã­n
2024-10-18,22,11,6.0,3,ligeras precipitaciones,medellã­n
2023-10-18,21,9,2.0,5,niebla moderada,medellã­n
2022-10-18,20,9,3.5,4,ligeras precipitaciones,medellã­n
2021-10-18,20,10,7.4,4,ligeras precipitaciones,medellã­n
2024-10-19,22,10,6.2,3,intervalos de lluvias ligeras con tomenta en la regiã³n,medellã­n
2022-10-19,20,10,5.2,2,ligeras precipitaciones,medellã­n
2021-10-19,22,9,1.6,5,ligeras precipitaciones,medellã­n
2022-10-20,19,9,5.5,4,ligeras precipitaciones,medellã­n
2021-10-20,17,9,2.9,2,ligeras precipitaciones,medellã­n
2023-10-21,21,10,7.1,3,ligeras precipitaciones,medellã­n
2022-10-21,20,10,4.8,3,ligeras precipitaciones,medellã­n
2021-10-21,23,8,2.7,3,ligeras precipitaciones,medellã­n
2021-10-22,21,14,4.7,4,ligeras precipitaciones,medellã­n
2022-10-23,18,10,6.1,3,ligeras precipitaciones,medellã­n
2021-10-23,22,10,2.7,2,ligeras precipitaciones,medellã­n
2021-10-24,21,9,3.6,4,ligeras precipitaciones,medellã­n
2024-10-25,22,10,7.1,4,ligeras precipitaciones,medellã­n
2022-10-25,17,9,3.0,5,ligeras precipitaciones,medellã­n
2021-10-25,22,9,3.4,2,ligeras precipitaciones,medellã­n
2023-10-26,21,10,5.4,5,ligeras precipitaciones,medellã­n
2022-10-26,19,8,2.2,4,ligeras precipitaciones,medellã­n
2021-10-26,22,10,4.9,2,ligeras precipitaciones,medellã­n
2023-10-27,18,10,5.6,6,ligeras precipitaciones,medellã­n
2022-10-27,18,9,4.6,4,ligeras precipitaciones,medellã­n
2021-10-27,18,10,5.3,3,ligeras precipitaciones,medellã­n
2023-10-28,21,9,3.2,9,ligeras precipitaciones,medellã­n
2022-10-28,18,9,3.3,2,ligeras precipitaciones,medellã­n
2021-10-28,23,10,2.1,4,ligeras precipitaciones,medellã­n
2023-10-29,22,9,5.3,7,ligeras precipitaciones,medellã­n
2022-10-29,17,10,5.1,2,ligeras precipitaciones,medellã­n
2021-10-29,22,8,1.8,4,ligeras precipitaciones,medellã­n
2022-10-30,22,9,1.8,5,ligeras precipitaciones,medellã­n
2022-10-31,19,10,3.5,4,ligeras precipitaciones,medellã­n
2021-10-31,19,11,5.6,3,ligeras precipitaciones,medellã­n
2022-08-03,26,9,2.3,5,intervalos de lluvias ligeras con tomenta en la regiã³n,medellã­n
2021-08-03,25,14,0.5,7,lluvia moderada a intervalos,medellã­n
2020-08-03,26,15,3.2,4,lluvia moderada a intervalos,medellã­n
2022-08-11,28,9,1.3,4,niebla moderada,medellã­n
2021-08-11,24,11,6.8,4,periodos de lluvia moderada,medellã­n
2024-08-18,28,8,0.0,9,neblina,medellã­n
2022-08-18,23,11,2.9,5,intervalos de lluvias ligeras con tomenta en la regiã³n,medellã­n
2022-08-25,22,8,2.3,4,niebla moderada,medellã­n
2019-08-25,27,14,5.7,7,lluvia moderada a intervalos,medellã­n
2023-09-16,27,9,0.1,7,niebla moderada,medellã­n
2022-09-16,23,10,2.6,4,niebla moderada,medellã­n
2021-09-16,24,14,3.0,7,llovizna,medellã­n
2024-11-01,21,9,2.3,8,niebla moderada,medellã­n
2022-11-01,24,11,1.3,5,ligeras precipitaciones,medellã­n
2021-11-01,21,10,3.0,3,ligeras precipitaciones,medellã­n
2024-11-02,22,12,4.8,7,ligeras precipitaciones,medellã­n
2022-11-02,20,11,3.7,4,ligeras precipitaciones,medellã­n
2021-11-02,17,10,2.8,4,ligeras precipitaciones,medellã­n
2024-11-03,24,9,4.4,6,ligeras precipitaciones,medellã­n
2022-11-03,17,11,7.0,3,ligeras precipitaciones,medellã­n
2021-11-03,22,12,1.9,4,ligeras precipitaciones,medellã­n
2020-11-03,23,10,7.4,2,ligeras precipitaciones,medellã­n
2024-11-04,24,10,3.3,6,niebla moderada,medellã­n
2022-11-04,18,10,1.3,5,ligeras precipitaciones,medellã­n
2021-11-04,18,10,2.2,3,ligeras precipitaciones,medellã­n
2022-11-05,18,9,0.9,6,ligeras precipitaciones,medellã­n
2021-11-05,23,10,4.1,5,ligeras precipitaciones,medellã­n
2021-11-06,20,10,1.1,4,lluvia moderada a intervalos,medellã­n
2022-11-07,19,9,4.6,4,ligeras precipitaciones,medellã­n
2021-11-07,20,8,2.5,4,ligeras precipitaciones,medellã­n
2022-11-08,19,10,7.2,2,intervalos de lluvias ligeras con tomenta en la regiã³n,medellã­n
2021-11-08,17,9,3.9,2,ligeras precipitaciones,medellã­n
2024-11-09,20,10,7.9,5,ligeras precipitaciones,medellã­n
2022-11-09,17,10,6.5,2,ligeras precipitaciones,medellã­n
2021-11-09,21,9,3.8,2,ligeras precipitaciones,medellã­n
2022-11-10,19,14,4.7,3,ligeras precipitaciones,medellã­n
2021-11-10,22,15,5.9,4,ligeras precipitaciones,medellã­n
2022-11-11,20,13,2.6,3,ligeras precipitaciones,medellã­n
2021-11-11,24,14,2.1,4,ligeras precipitaciones,medellã­n
2022-11-12,19,9,3.8,2,ligeras precipitaciones,medellã­n
2021-11-12,22,9,1.1,4,lluvia moderada a intervalos,medellã­n
2022-11-13,17,10,4.6,2,ligeras precipitaciones,medellã­n
2021-11-13,20,9,1.7,4,ligeras precipitaciones,medellã­n
2022-11-14,19,10,5.8,2,ligeras precipitaciones,medellã­n
2021-11-14,21,9,1.3,4,ligeras precipitaciones,medellã­n
2021-11-15,19,10,4.3,2,ligeras precipitaciones,medellã­n
2024-11-16,18,10,7.7,3,ligeras precipitaciones,medellã­n
2023-11-16,18,10,7.1,4,ligeras precipitaciones,medellã­n
2022-11-16,21,13,3.6,2,ligeras precipitaciones,medellã­n
2021-11-16,20,10,1.3,5,niebla moderada,medellã­n
2022-11-17,18,11,5.1,4,ligeras precipitaciones,medellã­n
2022-11-18,17,15,7.9,4,ligeras precipitaciones,medellã­n
2021-11-18,23,9,1.1,4,lluvia moderada a intervalos,medellã­n
2023-11-19,20,10,6.9,4,ligeras precipitaciones,medellã­n
2022-11-19,22,14,7.0,3,ligeras precipitaciones,medellã­n
2021-11-19,23,10,0.8,4,niebla moderada,medellã­n
2021-11-20,23,14,1.9,4,ligeras precipitaciones,medellã­n
2023-11-21,22,9,7.3,3,ligeras precipitaciones,medellã­n
2022-11-21,23,10,2.7,3,llovizna,medellã­n
2021-11-21,23,10,1.4,5,ligeras precipitaciones,medellã­n
2023-11-22,23,9,5.3,5,ligeras precipitaciones,medellã­n
2022-11-22,20,15,5.5,2,ligeras precipitaciones,medellã­n
2021-11-22,20,9,1.8,2,ligeras precipitaciones,medellã­n
2019-11-22,26,10,3.8,1,lluvia moderada a intervalos,medellã­n
2024-11-23,18,9,8.0,3,ligeras precipitaciones,medellã­n
2023-11-23,23,8,2.8,5,niebla moderada,medellã­n
2022-11-23,18,10,3.4,3,ligeras precipitaciones,medellã­n
2023-11-24,23,9,6.7,4,intervalos de lluvias ligeras con tomenta en la regiã³n,medellã­n
2022-11-24,17,10,5.8,3,ligeras precipitaciones,medellã­n
2021-11-24,20,15,6.1,2,ligeras precipitaciones,medellã­n
2022-11-25,19,10,3.7,2,ligeras precipitaciones,medellã­n
2019-11-25,22,12,6.0,4,lluvia moderada a intervalos,medellã­n
2023-11-26,23,9,3.0,5,ligeras precipitaciones,medellã­n
2023-11-27,24,9,0.8,6,lluvia moderada a intervalos,medellã­n
2020-11-27,20,13,4.2,2,ligeras precipitaciones,medellã­n
2024-11-28,21,9,7.8,4,ligeras precipitaciones,medellã­n
2023-11-28,25,9,4.0,5,intervalos de lluvias ligeras con tomenta en la regiã³n,medellã­n
2022-11-28,17,11,2.8,2,ligeras precipitaciones,medellã­n
2024-11-29,20,8,7.7,5,ligeras precipitaciones,medellã­n
2023-11-29,22,9,5.3,5,ligeras precipitaciones,medellã­n
2022-11-29,17,10,5.4,3,ligeras precipitaciones,medellã­n
2021-11-29,22,10,4.9,3,ligeras precipitaciones,medellã­n
2023-11-30,23,8,2.1,4,niebla moderada,medellã­n
2022-11-30,17,9,3.4,3,ligeras precipitaciones,medellã­n
2023-12-01,27,8,0.5,6,niebla moderada,medellã­n
2022-12-01,23,9,2.5,4,niebla moderada,medellã­n
2021-12-01,19,9,2.3,3,ligeras precipitaciones,medellã­n
2019-12-01,24,8,4.7,4,intervalos de lluvias ligeras con tomenta en la regiã³n,medellã­n
2023-12-02,26,10,0.8,6,lluvia moderada a intervalos,medellã­n
2022-12-02,25,13,0.1,5,lluvia moderada a intervalos,medellã­n
2021-12-02,21,14,2.6,5,ligeras precipitaciones,medellã­n
2019-12-02,26,15,3.1,3,niebla moderada,medellã­n
2023-12-03,24,9,1.8,5,lluvia moderada a intervalos,medellã­n
2022-12-03,20,9,0.4,5,lluvia moderada a intervalos,medellã­n
2021-12-03,20,9,1.7,4,ligeras precipitaciones,medellã­n
2019-12-03,23,15,5.3,3,lluvias fuertes o moderadas,medellã­n
2024-12-04,22,9,5.3,5,ligeras precipitaciones,medellã­n
2023-12-04,25,10,0.9,6,lluvia moderada a intervalos,medellã­n
2022-12-04,19,8,1.0,4,ligeras precipitaciones,medellã­n
2021-12-04,21,8,2.4,5,ligeras precipitaciones,medellã­n
2024-12-05,21,9,5.7,4,ligeras precipitaciones,medellã­n
2023-12-05,26,9,0.4,6,niebla moderada,medellã­n
2022-12-05,20,8,2.2,4,ligeras precipitaciones,medellã­n
2021-12-05,24,14,1.9,4,lluvia moderada a intervalos,medellã­n
2019-12-05,23,15,4.3,3,lluvias fuertes o moderadas,medellã­n
2024-12-06,21,9,4.2,4,ligeras precipitaciones,medellã­n
2023-12-06,24,9,5.7,5,ligeras precipitaciones,medellã­n
2022-12-06,22,9,1.4,5,ligeras precipitaciones,medellã­n
2021-12-06,20,10,2.0,5,ligeras precipitaciones,medellã­n
2024-12-07,24,9,0.4,5,lluvia moderada a intervalos,medellã­n
2022-12-07,19,8,3.0,3,ligeras precipitaciones,medellã­n
2021-12-07,20,9,0.4,4,lluvia moderada a intervalos,medellã­n
2024-12-08,26,10,0.3,5,niebla moderada,medellã­n
2023-12-08,25,11,0.3,5,niebla moderada,medellã­n
2022-12-08,21,10,2.2,4,ligeras precipitaciones,medellã­n
2021-12-08,26,13,0.9,5,niebla moderada,medellã­n
2024-12-09,24,10,1.4,6,lluvia moderada a intervalos,medellã­n
2023-12-09,25,10,1.6,6,lluvia moderada a intervalos,medellã­n
2022-12-09,22,9,2.0,4,ligeras precipitaciones,medellã­n
2024-12-10,25,8,0.2,6,lluvia moderada a intervalos,medellã­n
2022-12-10,20,12,2.4,4,ligeras precipitaciones,medellã­n
2021-12-10,28,12,0.4,5,lluvia moderada a intervalos,medellã­n
2024-12-11,25,9,3.2,5,ligeras precipitaciones,medellã­n
2023-12-11,20,9,3.0,5,niebla moderada,medellã­n
2022-12-11,22,11,3.3,5,ligeras precipitaciones,medellã­n
2021-12-11,19,10,2.8,4,niebla moderada,medellã­n
2024-12-12,25,9,1.7,5,lluvia moderada a intervalos,medellã­n
2023-12-12,22,9,1.2,5,lluvia moderada a intervalos,medellã­n
2022-12-12,22,11,3.0,4,ligeras precipitaciones,medellã­n
2021-12-12,19,9,1.9,3,ligeras precipitaciones,medellã­n
2024-12-13,24,9,3.9,5,lluvia moderada a intervalos,medellã­n
2023-12-13,26,10,3.6,5,ligeras precipitaciones,medellã­n
2022-12-13,19,8,3.5,5,intervalos de lluvias ligeras con tomenta en la regiã³n,medellã­n
2021-12-13,20,8,0.2,5,niebla moderada,medellã­n
2022-12-14,18,9,2.1,5,ligeras precipitaciones,medellã­n
2021-12-14,21,7,0.3,5,lluvia moderada a intervalos,medellã­n
2022-12-15,19,11,2.4,5,intervalos de lluvias ligeras con tomenta en la regiã³n,medellã­n
2021-12-15,21,10,2.3,4,ligeras precipitaciones,medellã­n
2020-12-15,22,10,4.2,3,lluvia moderada a intervalos,medellã­n
2022-12-16,19,9,3.2,3,intervalos de lluvias ligeras con tomenta en la regiã³n,medellã­n
2021-12-16,21,11,0.9,5,ligeras precipitaciones,medellã­n
2022-12-17,18,8,2.5,3,ligeras precipitaciones,medellã­n
2021-12-17,23,11,1.8,4,intervalos de lluvias ligeras con tomenta en la regiã³n,medellã­n
2023-12-18,25,9,6.4,5,ligeras precipitaciones,medellã­n
2022-12-18,20,8,1.2,4,niebla moderada,medellã­n
2021-12-18,19,10,2.0,4,intervalos de lluvias ligeras con tomenta en la regiã³n,medellã­n
2023-12-19,23,10,5.0,4,ligeras precipitaciones,medellã­n
2022-12-19,20,8,0.4,5,niebla moderada,medellã­n
2021-12-19,19,11,1.3,4,ligeras precipitaciones,medellã­n
2023-12-20,24,11,3.5,5,niebla moderada,medellã­n
2022-12-20,20,8,0.4,5,niebla moderada,medellã­n
2021-12-20,19,10,4.7,3,ligeras precipitaciones,medellã­n
2023-12-21,24,9,2.2,5,niebla moderada,medellã­n
2022-12-21,21,10,0.6,5,lluvia moderada a intervalos,medellã­n
2021-12-21,17,10,7.6,4,ligeras precipitaciones,medellã­n
2020-12-21,22,9,6.9,4,niebla moderada,medellã­n
2019-12-21,19,9,5.7,3,ligeras precipitaciones,medellã­n
2023-12-22,24,10,2.4,5,niebla moderada,medellã­n
2022-12-22,21,10,1.0,5,lluvia moderada a intervalos,medellã­n
2021-12-22,18,9,4.3,3,ligeras precipitaciones,medellã­n
2022-12-23,20,10,1.4,5,ligeras precipitaciones,medellã­n
2021-12-23,19,12,2.8,2,ligeras precipitaciones,medellã­n
2023-12-24,23,9,7.2,5,ligeras precipitaciones,medellã­n
2022-12-24,20,9,1.3,4,lluvia moderada a intervalos,medellã­n
2021-12-24,19,11,2.1,4,ligeras precipitaciones,medellã­n
2019-12-24,22,8,6.5,2,lluvias fuertes o moderadas,medellã­n
2023-12-25,22,9,7.4,3,intervalos de lluvias ligeras con tomenta en la regiã³n,medellã­n
2022-12-25,18,8,1.5,4,niebla moderada,medellã­n
2021-12-25,23,9,2.6,4,niebla moderada,medellã­n
2022-12-26,18,9,1.2,4,ligeras precipitaciones,medellã­n
2021-12-26,22,9,3.4,1,niebla moderada,medellã­n
2022-12-27,18,9,1.6,4,ligeras precipitaciones,medellã­n
2021-12-27,20,12,7.2,3,ligeras precipitaciones,medellã­n
2022-12-28,20,7,1.3,5,ligeras precipitaciones,medellã­n
2021-12-28,17,10,3.8,2,ligeras precipitaciones,medellã­n
2023-12-29,20,9,7.6,3,ligeras precipitaciones,medellã­n
2022-12-29,19,7,1.2,5,niebla moderada,medellã­n
2021-12-29,19,9,4.1,3,ligeras precipitaciones,medellã­n
2022-12-30,20,7,0.6,5,lluvia moderada a intervalos,medellã­n
2021-12-30,19,10,4.0,4,ligeras precipitaciones,medellã­n
2023-12-31,23,8,3.6,5,niebla moderada,medellã­n
2022-12-31,18,9,2.5,4,ligeras precipitaciones,medellã­n
2021-12-31,19,9,2.4,3,ligeras precipitaciones,medellã­n
